{
	"ruleset": "IMacF Competitive v0.01",
	"hammers_per_turn": 1,
	"ant_limit": 2,
	"deck_size_min": 1,
	"max_commons_main": 4,
	"max_commons_side": 10,
	"num_candles": 2,
	"variable_attack_nerf": false,
	"allow_snuffing_candles": true,
	"opt_actives": false,
	"hammer_discard": true,
	"portrait": "portraits/Stoat",
	"description": "Modified IMF Competitive to have legal\nHeat cards",
	"cards": [
		{
			"name": "Starvation",
			"sigils": [
				"Repulsive"
			],
			"attack": 1,
			"health": 1,
			"banned": true
		},
		{
			"name": "Cerberus",
			"heat_cost":5,
			"rare":true,
			"sigils": [
				"Backup"
			],
			"tribes": [
				"Canine"
			],
			"attack": 1,
			"health": 3
		},
		{
			"name": "Burnhound",
			"heat_cost":3,
			"sigils": [
				"Guardian"
			],
			"tribes": [
				"Canine"
			],
			"attack": 2,
			"health": 3
		},
		{
			"name": "Hellcrystal",
			"heat_cost":2,
			"sigils": [
				"Orange Mox", "Sharp Quills"
			],
			"tribes": [
				"Mox"
			],
			"attack": 0,
			"health": 3
		},
		{
			"name": "Hotrod",
			"heat_cost":1,
			"sigils": [
				"Battery Bearer"
			],
			"attack": 0,
			"health": 2
		},
		{
			"name": "Imp",
			"heat_cost":1,
			"sigils": [
				"Airborne"
			],
			"attack": 1,
			"health": 2
		},
		{
			"name": "Inferknight",
			"heat_cost":3,
			"sigils": [
				"Relight"
			],
			"attack": 2,
			"health": 2
		},
		{
			"name": "Demon",
			"heat_cost":3,
			"sigils": [
				"Airborne", "Bifurcated Strike"
			],
			"attack": 1,
			"health": 4
		},
		{
			"name": "Coal Golem",
			"sigils": [
				"Kindling"
			],
			"nosac":true,
			"banned":true,
			"attack": 0,
			"health": 1
		},
		{
			"name": "The Smoke",
			"sigils": [
				"Bone King"
			],
			"attack": 1,
			"health": 3,
			"banned": true,
			"rare": true,
			"description": "Ported from Act 1. Act 2 sprite by syntaxevasion."
		},
		{
			"name": "The Light",
			"sigils": [
				"Hoarder"
			],
			"bone_cost":3,
			"attack": 0,
			"health": 2,
			"banned":true,
			"rare":true
		},
		{
			"name": "The Echo",
			"sigils": [
				"Reconstitute", "Brittle"
			],
			"attack": 1,
			"health": 2,
			"banned":true,
			"rare":true
		},
		{
			"name": "The Depths",
			"sigils": [],
			"energy_cost":3,
			"attack": 2,
			"health": 4,
			"banned":true,
			"rare":true
		},
		{
			"name": "The Gift",
			"sigils": [
				"Great Mox"
			],
			"attack": 0,
			"health": 2,
			"banned":true,
			"rare":true
		},
		{
			"name": "Adder",
			"sigils": [
				"Touch of Death"
			],
			"attack": 2,
			"health": 3,
			"blood_cost": 2
		},
		{
			"name": "Bat",
			"sigils": [
				"Airborne"
			],
			"attack": 2,
			"health": 1,
			"bone_cost": 4
		},
		{
			"name": "Beaver",
			"sigils": [
				"Dam Builder"
			],
			"attack": 1,
			"health": 3,
			"blood_cost": 2
		},
		{
			"name": "Dam",
			"attack": 0,
			"health": 2,
			"sigils": [
				"Mighty Leap"
			],
			"nosac": true,
			"banned": true
		},
		{
			"name": "Bee",
			"sigils": [
				"Airborne"
			],
			"attack": 1,
			"health": 1,
			"banned": true
		},
		{
			"name": "Beehive",
			"sigils": [
				"Bees Within"
			],
			"attack": 0,
			"health": 2,
			"blood_cost": 1
		},
		{
			"name": "Black Goat",
			"attack": 0,
			"health": 1,
			"sigils": [
				"Worthy Sacrifice"
			],
			"blood_cost": 1,
			"description": "Ported from Act 1. Act 2 sprite from Kaycee's Mod."
		},
		{
			"name": "Bloodhound",
			"sigils": [
				"Guardian"
			],
			"attack": 2,
			"health": 3,
			"blood_cost": 2
		},
		{
			"name": "Bullfrog",
			"sigils": [
				"Mighty Leap"
			],
			"attack": 1,
			"health": 3,
			"blood_cost": 1
		},
		{
			"name": "Cat",
			"sigils": [
				"Many Lives"
			],
			"attack": 0,
			"health": 1,
			"blood_cost": 1,
			"rare": true,
			"description": "Note: This card was changed to rare due to the amount of advantage given by this card."
		},
		{
			"name": "Undead Cat",
			"attack": 3,
			"health": 6,
			"blood_cost": 1,
			"banned": true
		},
		{
			"name": "Cockroach",
			"attack": 1,
			"health": 1,
			"sigils": [
				"Unkillable"
			],
			"bone_cost": 3,
			"description": "Ported from Act 1. Act 2 sprite by syntaxevasion."
		},
		{
			"name": "Corpse Maggots",
			"sigils": [
				"Corpse Eater"
			],
			"attack": 1,
			"health": 2,
			"bone_cost": 4
		},
		{
			"name": "Tadpole",
			"sigils": [
				"Fledgling", "Waterborne"
			],
			"attack": 0,
			"health": 1,
			"evolution":"Bullfrog"
		},
		{
			"name": "The Daus",
			"sigils": [
				"Bellist"
			],
			"attack": 2,
			"health": 2,
			"blood_cost": 2,
			"rare": true
		},
		{
			"name": "Chime",
			"attack": 0,
			"health": 1,
			"sigils": [
				"Mighty Leap"
			],
			"nosac": true,
			"banned": true
		},
		{
			"name": "Decorator Crab",
			"sigils": [
				"Green Mox"
			],
			"attack": 2,
			"health": 3,
			"blood_cost": 2
		},
		{
			"name": "Dire Wolf Pup",
			"attack": 1,
			"health": 1,
			"sigils": [
				"Bone Digger",
				"Fledgling"
			],
			"blood_cost": 2,
			"evolution": "Dire Wolf"
		},
		{
			"name": "Dire Wolf",
			"attack": 2,
			"health": 5,
			"sigils": [
				"Double Strike"
			],
			"blood_cost": 3
		},
		{
			"name": "Elk",
			"sigils": [
				"Sprinter"
			],
			"attack": 2,
			"health": 4,
			"blood_cost": 2
		},
		{
			"name": "Elk Fawn",
			"sigils": [
				"Sprinter",
				"Fledgling"
			],
			"attack": 1,
			"health": 1,
			"blood_cost": 1,
			"evolution": "Elk"
		},
		{
			"name": "Field Mice",
			"sigils": [
				"Fecundity (Kaycee)"
			],
			"attack": 2,
			"health": 2,
			"blood_cost": 2
		},
		{
			"name": "Spore Mice",
			"sigils": [
				"Fecundity (Kaycee)",
				"Fecundity (Kaycee)"
			],
			"attack": 2,
			"health": 2,
			"blood_cost": 2,
			"banned": true
		},
		{
			"name": "Hawk",
			"sigils": [
				"Airborne"
			],
			"attack": 3,
			"health": 1,
			"blood_cost": 2
		},
		{
			"name": "Hrokkall",
			"sigils": [
				"Waterborne",
				"Battery Bearer"
			],
			"attack": 1,
			"health": 1,
			"blood_cost": 1,
			"rare": true
		},
		{
			"name": "Rat King",
			"sigils": [
				"Bone King"
			],
			"attack": 2,
			"health": 1,
			"blood_cost": 2
		},
		{
			"name": "Raven Egg",
			"sigils": [
				"Fledgling"
			],
			"attack": 0,
			"health": 2,
			"evolution": "Raven",
			"blood_cost": 1
		},
		{
			"name": "Kingfisher",
			"sigils": [
				"Airborne",
				"Waterborne"
			],
			"attack": 1,
			"health": 1,
			"blood_cost": 1
		},
		{
			"name": "Kitten",
			"sigils": [
				"Fledgling"
			],
			"attack": 0,
			"health": 1,
			"evolution":"Cat"
		},
		{
			"name": "Great Kraken",
			"sigils": [
				"Tentacle"
			],
			"attack": 1,
			"health": 1,
			"blood_cost": 1,
			"rare": true,
			"description": "Note: This card's effect was changed due to it sucking."
		},
		{
			"name": "Long Elk",
			"attack": 1,
			"health": 2,
			"sigils": [
				"Sprinter",
				"Touch of Death"
			],
			"sheds": "Vertebrae",
			"bone_cost": 4,
			"rare": true
		},
		{
			"name": "Vertebrae",
			"attack": 0,
			"health": 1,
			"banned": true
		},
		{
			"name": "Alpha",
			"attack": 1,
			"health": 2,
			"sigils": [
				"Leader"
			],
			"bone_cost": 4
		},
		{
			"name": "Magpie",
			"sigils": [
				"Airborne",
				"Hoarder"
			],
			"attack": 1,
			"health": 1,
			"blood_cost": 2,
			"description": "This card was unused in act 2, but had art.",
			"rare": true
		},
		{
			"name": "Mantis",
			"sigils": [
				"Bifurcated Strike"
			],
			"attack": 1,
			"health": 1,
			"blood_cost": 1
		},
		{
			"name": "Mantis God",
			"sigils": [
				"Trifurcated Strike"
			],
			"attack": 1,
			"health": 1,
			"blood_cost": 1,
			"rare": true
		},
		{
			"name": "Mole",
			"sigils": [
				"Burrower"
			],
			"attack": 0,
			"health": 4,
			"blood_cost": 1
		},
		{
			"name": "Mole Man",
			"sigils": [
				"Burrower",
				"Mighty Leap"
			],
			"attack": 0,
			"health": 6,
			"blood_cost": 1,
			"rare": true
		},
		{
			"name": "Moose Buck",
			"attack": 3,
			"health": 7,
			"sigils": [
				"Hefty"
			],
			"blood_cost": 3,
			"description": "Ported from Act 1. Act 2 sprite from Kaycee's Mod."
		},
		{
			"name": "Opossum",
			"attack": 1,
			"health": 2,
			"bone_cost": 2
		},
		{
			"name": "Ouroboros",
			"sigils": [
				"Reconstitute"
			],
			"attack": 1,
			"health": 1,
			"blood_cost": 2,
			"rare": true,
			"description": "This card gains 1 power and 1 health each time it perishes."
		},
		{
			"name": "Rabbit",
			"attack": 0,
			"health": 1
		},
		{
			"name": "Skunk",
			"attack": 0,
			"health": 3,
			"blood_cost": 1,
			"sigils": [
				"Stinky"
			],
			"description": "Ported from Act 1. Act 2 sprite from Kaycee's Mod."
		},
		{
			"name": "Coyote",
			"attack": 2,
			"health": 1,
			"bone_cost": 4
		},
		{
			"name": "Great White",
			"attack": 4,
			"health": 2,
			"blood_cost": 3,
			"sigils": [
				"Waterborne"
			],
			"description": "Ported from Act 1. Act 2 sprite by syntaxevasion."
		},
		{
			"name": "Grizzly",
			"attack": 4,
			"health": 5,
			"blood_cost": 3
		},
		{
			"name": "Porcupine",
			"attack": 1,
			"health": 2,
			"sigils": [
				"Sharp Quills"
			],
			"blood_cost": 1,
			"description": "Ported from Act 1. Act 2 sprite by syntaxevasion."
		},
		{
			"name": "Pronghorn",
			"attack": 1,
			"health": 3,
			"sigils": [
				"Bifurcated Strike",
				"Sprinter"
			],
			"blood_cost": 2,
			"description": "Ported from Act 1. Act 2 sprite by syntaxevasion."
		},
		{
			"name": "Rattler",
			"attack": 3,
			"health": 1,
			"bone_cost": 6,
			"description": "Ported from Act 1. Act 2 sprite by syntaxevasion."
		},
		{
			"name": "Raven",
			"sigils": [
				"Airborne"
			],
			"attack": 2,
			"health": 3,
			"blood_cost": 2
		},
		{
			"name": "Salmon",
			"sigils": [
				"Waterborne",
				"Sprinter"
			],
			"attack": 2,
			"health": 2,
			"blood_cost": 2
		},
		{
			"name": "River Snapper",
			"attack": 1,
			"health": 6,
			"blood_cost": 2,
			"description": "Ported from Act 1. Act 2 sprite by syntaxevasion."
		},
		{
			"name": "Sparrow",
			"attack": 1,
			"health": 2,
			"sigils": [
				"Airborne"
			],
			"blood_cost": 1,
			"description": "Ported from Act 1. Act 2 sprite by syntaxevasion."
		},
		{
			"name": "Strange Larva",
			"sigils": [
				"Fledgling"
			],
			"attack": 0,
			"health": 3,
			"blood_cost": 1,
			"evolution": "Strange Pupa",
			"rare": true,
			"description": "Ported from Act 1. Act 2 sprite by syntaxevasion."
		},
		{
			"name": "Strange Pupa",
			"sigils": [
				"Fledgling"
			],
			"attack": 0,
			"health": 3,
			"blood_cost": 1,
			"banned": true,
			"evolution": "Mothman",
			"rare": true
		},
		{
			"name": "Mothman",
			"sigils": [
				"Airborne"
			],
			"attack": 7,
			"health": 3,
			"blood_cost": 1,
			"banned": true,
			"rare": true
		},
		{
			"name": "Man-O-War",
			"sigils": [
				"Waterborne", "Blue Mox"
			],
			"blood_cost":1,
			"attack": 1,
			"health": 1
		},
		{
			"name": "Turkey Vulture",
			"attack": 3,
			"health": 3,
			"sigils": [
				"Airborne"
			],
			"bone_cost": 8,
			"description": "Ported from Act 1. Act 2 sprite by syntaxevasion."
		},
		{
			"name": "Bell Tentacle",
			"sigils": [
				"Tentacle"
			],
			"attack": 0,
			"health": 3,
			"blood_cost": 2,
			"banned": true
		},
		{
			"name": "Hand Tentacle",
			"sigils": [
				"Tentacle"
			],
			"attack": 0,
			"health": 1,
			"blood_cost": 1,
			"banned": true
		},
		{
			"name": "Mirror Tentacle",
			"sigils": [
				"Tentacle"
			],
			"attack": 0,
			"health": 3,
			"blood_cost": 1,
			"atkspecial": "mirror",
			"banned": true
		},
		{
			"name": "Squirrel",
			"attack": 0,
			"health": 1,
			"banned": true
		},
		{
			"name": "Squirrel Ball",
			"sigils": [
				"Squirrel Shedder"
			],
			"attack": 0,
			"health": 1,
			"blood_cost": 1
		},
		{
			"name": "Stoat",
			"attack": 1,
			"health": 3,
			"blood_cost": 1,
			"description": "Note: Health was increased to 3 to make it better than Bullfrog in at least one way. Bears a unique ability from Act 1."
		},
		{
			"name": "Urayuli",
			"attack": 7,
			"health": 7,
			"blood_cost": 4,
			"rare": true
		},
		{
			"name": "Warren",
			"sigils": [
				"Rabbit Hole"
			],
			"attack": 0,
			"health": 2,
			"blood_cost": 1
		},
		{
			"name": "Wolf",
			"attack": 3,
			"health": 2,
			"blood_cost": 2
		},
		{
			"name": "Wolf Cub",
			"sigils": [
				"Fledgling"
			],
			"attack": 1,
			"health": 2,
			"blood_cost": 1,
			"evolution": "Wolf"
		},
		{
			"name": "Fox",
			"sigils": [
				"Sprinter",
				"Side Hustle"
			],
			"attack": 1,
			"health": 2,
			"blood_cost": 2,
			"description": "Custom card by FishGuy101.\nCard and sigil art by syntaxevasion"
		},
		{
			"name": "Worker Ant",
			"attack": -1,
			"health": 2,
			"atkspecial": "ant",
			"blood_cost": 1
		},
		{
			"name": "Ant Queen",
			"attack": -1,
			"health": 3,
			"atkspecial": "ant",
			"blood_cost": 2,
			"sigils": [
				"Ant Spawner"
			]
		},
		{
			"name": "Flying Ant",
			"attack": -1,
			"health": 1,
			"atkspecial": "ant",
			"blood_cost": 1,
			"sigils": [
				"Airborne"
			]
		},
		{
			"name": "Bullet Ant",
			"attack": -1,
			"health": 3,
			"atkspecial": "ant",
			"blood_cost": 3,
			"sigils": [
				"Double Strike"
			],
			"description": "Custom card by FishGuy101.\nCard art by Mark"
		},
		{
			"name": "Mole Seaman",
			"attack": 1,
			"health": 8,
			"blood_cost": 2,
			"sigils": [
				"Mighty Leap",
				"Burrower"
			],
			"rare": true
		},
		{
			"name": "Curve Hopper",
			"attack": 2,
			"health": 3,
			"energy_cost": 4,
			"rare": true
		},
		{
			"name": "Automaton",
			"attack": 1,
			"health": 1,
			"energy_cost": 2,
			"description": "Note: The energy cost of this card was reduced to make it less terrible."
		},
		{
			"name": "Energy Bot",
			"sigils": [
				"Battery Bearer"
			],
			"attack": 0,
			"health": 1,
			"energy_cost": 2
		},
		{
			"name": "Bolthound",
			"sigils": [
				"Guardian"
			],
			"attack": 2,
			"health": 3,
			"energy_cost": 6,
			"description": "Note: Health was increased to 3 to make it equivalent to other \"Hound\" cards."
		},
		{
			"name": "Buff Conduit",
			"sigils": [
				"Attack Conduit"
			],
			"attack": 0,
			"health": 2,
			"energy_cost": 2,
			"conduit": true
		},
		{
			"name": "Busted 3D Printer",
			"attack": 0,
			"health": 3,
			"sigils": [
				"Vessel Printer"
			],
			"energy_cost": 2
		},
		{
			"name": "Double Gunner",
			"sigils": [
				"Bifurcated Strike"
			],
			"attack": 2,
			"health": 1,
			"energy_cost": 6
		},
		{
			"name": "Energy Conduit",
			"sigils": [
				"Energy Conduit (+3)"
			],
			"attack": 1,
			"health": 2,
			"energy_cost": 3,
			"conduit": true,
			"rare": true,
			"description": "Note: Effect was changed to prevent infinitely buffing stim mage."
		},
		{
			"name": "Explode Bot",
			"sigils": [
				"Detonator (5)"
			],
			"attack": 1,
			"health": 1,
			"energy_cost": 2,
			"nosac": true
		},
		{
			"name": "Factory Conduit",
			"sigils": [
				"Spawn Conduit"
			],
			"attack": 0,
			"health": 2,
			"energy_cost": 3,
			"conduit": true
		},
		{
			"name": "Gamblobot",
			"sigils": [
				"Power Dice (2)"
			],
			"attack": 0,
			"health": 1,
			"energy_cost": 3,
			"active": true,
			"description": "Note: The cost of this ability was increased to 2 energy due to this card being very strong for its cost."
		},
		{
			"name": "GR1ZZ",
			"sigils": [
				"Transformer"
			],
			"attack": 0,
			"health": 4,
			"energy_cost": 4,
			"evolution": "GR1ZZ (beast)"
		},
		{
			"name": "GR1ZZ (beast)",
			"sigils": [
				"Transformer"
			],
			"attack": 4,
			"health": 4,
			"energy_cost": 4,
			"evolution": "GR1ZZ",
			"banned": true
		},
		{
			"name": "Insectodrone",
			"sigils": [
				"Airborne"
			],
			"attack": 1,
			"health": 2,
			"energy_cost": 3
		},
		{
			"name": "Junkbot",
			"sigils": [
				"Depleting",
				"Brittle"
			],
			"attack": 2,
			"health": 1,
			"description": "Custom card by EternalHours and syntaxevasion.\nLong overdue.",
			"energy_cost": 1
		},
		{
			"name": "L33pB0t",
			"sigils": [
				"Mighty Leap"
			],
			"attack": 1,
			"health": 2,
			"energy_cost": 3
		},
		{
			"name": "M3atB0t",
			"sigils": [
				"Noble Sacrifice"
			],
			"attack": 0,
			"health": 1,
			"energy_cost": 2
		},
		{
			"name": "49er",
			"sigils": [
				"Sprinter"
			],
			"attack": 1,
			"health": 1,
			"energy_cost": 2
		},
		{
			"name": "No Moon",
			"sigils": [
				"Depleting",
				"Omni Strike"
			],
			"attack": 1,
			"health": 2,
			"rare": true,
			"description": "Custom card by EternalHours and syntaxevasion.\nLong overdue.",
			"energy_cost": 6
		},
		{
			"name": "Null Conduit",
			"attack": 0,
			"health": 2,
			"energy_cost": 1,
			"conduit": true
		},
		{
			"name": "Plasma Jimmy",
			"sigils": [
				"Energy Gun"
			],
			"attack": 0,
			"health": 3,
			"energy_cost": 2,
			"rare": true,
			"active": true
		},
		{
			"name": "Rustbucket",
			"sigils": [
				"Depleting"
			],
			"attack": 2,
			"health": 2,
			"description": "Custom card by EternalHours and syntaxevasion.\nLong overdue.",
			"energy_cost": 4
		},
		{
			"name": "Scrap Golem",
			"sigils": [
				"Depleting",
				"Sharp Quills"
			],
			"attack": 1,
			"health": 3,
			"description": "Custom card by EternalHours and syntaxevasion.\nLong overdue.",
			"energy_cost": 3
		},
		{
			"name": "Steel Mice",
			"sigils": [
				"Fecundity (Kaycee)"
			],
			"attack": 1,
			"health": 1,
			"energy_cost": 4,
			"description": "Note: Fecundity (Kaycee) is nerfed as per Kaycee's Mod"
		},
		{
			"name": "Sentry Drone",
			"sigils": [
				"Sentry"
			],
			"attack": 0,
			"health": 1,
			"energy_cost": 1,
			"description": "Note: The sentry sigil now triggers when this card is pushed by another card."
		},
		{
			"name": "Sentry Spore",
			"sigils": [
				"Sentry",
				"Sentry"
			],
			"attack": 0,
			"health": 1,
			"energy_cost": 1,
			"banned": true
		},
		{
			"name": "S.P.A.R.Ky",
			"energy_cost":3,
			"sigils": [
				"Relight"
			],
			"attack": 1,
			"health": 1
		},
		{
			"name": "QU177",
			"sigils": [
				"Transformer"
			],
			"attack": 2,
			"health": 2,
			"energy_cost": 5,
			"evolution": "QU177 (beast)"
		},
		{
			"name": "QU177 (beast)",
			"sigils": [
				"Transformer",
				"Sharp Quills"
			],
			"attack": 1,
			"health": 2,
			"energy_cost": 5,
			"evolution": "QU177",
			"banned": true
		},
		{
			"name": "SON1A",
			"sigils": [
				"Transformer"
			],
			"attack": 1,
			"health": 1,
			"energy_cost": 3,
			"evolution": "SON1A (beast)"
		},
		{
			"name": "SON1A (beast)",
			"sigils": [
				"Transformer",
				"Airborne"
			],
			"attack": 2,
			"health": 1,
			"energy_cost": 3,
			"evolution": "SON1A",
			"banned": true
		},
		{
			"name": "Mrs. Bomb",
			"sigils": [
				"Bomb Spewer"
			],
			"attack": 1,
			"health": 2,
			"energy_cost": 3,
			"rare": true
		},
		{
			"name": "Shutterbug",
			"sigils": [
				"Touch of Death",
				"Sentry"
			],
			"attack": 1,
			"health": 1,
			"energy_cost": 5,
			"rare": true,
			"description": "Note: The sentry sigil now triggers when this card is pushed by another card."
		},
		{
			"name": "Sniper Bot",
			"attack": 1,
			"health": 1,
			"energy_cost": 3,
			"banned": true
		},
		{
			"name": "Steambot",
			"attack": 3,
			"health": 2,
			"energy_cost": 6,
			"description": "Note: This card's attack was increased to make it worth 6 energy."
		},
		{
			"name": "Mox Module",
			"sigils": [
				"Great Mox"
			],
			"attack": 0,
			"health": 3,
			"energy_cost": 3,
			"rare": true
		},
		{
			"name": "Mirror Bot",
			"energy_cost": 2,
			"atkspecial": "mirror",
			"attack": 0,
			"health": 1
		},
		{
			"name": "Thick Droid",
			"attack": 1,
			"health": 3,
			"energy_cost": 5,
			"description": "Damn Boi!",
			"sigils": [
				"Thick"
			],
			"left_half": "Thick",
			"right_half": "Droid"
		},
		{
			"name": "Thick",
			"attack": 1,
			"health": 3,
			"banned": true
		},
		{
			"name": "Droid",
			"attack": 1,
			"health": 3,
			"banned": true
		},
		{
			"name": "Jukebot",
			"attack": 0,
			"health": 3,
			"energy_cost": 4,
			"rare": true,
			"sigils": [
				"Music Player"
			],
			"description": "Art and sigils by syntaxevasion"
		},
		{
			"name": "Draugr",
			"sigils": [
				"Frozen Away"
			],
			"attack": 0,
			"health": 1,
			"bone_cost": 1,
			"nosac": true,
			"evolution": "Skeleton"
		},
		{
			"name": "Banshee",
			"sigils": [
				"Airborne"
			],
			"attack": 1,
			"health": 3,
			"bone_cost": 2
		},
		{
			"name": "Bonehound",
			"sigils": [
				"Guardian"
			],
			"attack": 2,
			"health": 3,
			"bone_cost": 6
		},
		{
			"name": "Bone Lord's Horn",
			"sigils": [
				"Bonehorn (1)"
			],
			"attack": 1,
			"health": 1,
			"bone_cost": 3,
			"rare": true,
			"active": true,
			"description": "Note: This card gives only 1 bone per 1 energy due to the previous effect being overpowered in combination with Bone Heap."
		},
		{
			"name": "Bone Heap",
			"sigils": [
				"Enlarge (3)"
			],
			"attack": 0,
			"health": 1,
			"rare": true,
			"active": true
		},
		{
			"name": "Broken Obol 1",
			"sigils": [
				"Sharp Quills"
			],
			"attack": 0,
			"health": 2,
			"bone_cost": 3
		},
		{
			"name": "Broken Obol 2",
			"sigils": [
				"Bone King"
			],
			"attack": 0,
			"health": 2,
			"bone_cost": 3
		},
		{
			"name": "Dead Hand",
			"sigils": [
				"Handy"
			],
			"attack": 1,
			"health": 1,
			"bone_cost": 5,
			"description": "Note: Was made common due to lack of use.\nThen rare again.",
            "rare": true
		},
		{
			"name": "Pharaoh's Pets",
			"sigils": [
				"Worthy Sacrifice",
				"Frozen Away"
			],
			"attack": 0,
			"health": 1,
			"bone_cost": 6,
			"rare": true,
			"description": "Note: This card was made rare due to it's strength. This card will become a cat after its worthy sacrifice sigil is used.",
			"evolution": "Cat"
		},
		{
			"name": "Drowned Soul",
			"sigils": [
				"Waterborne",
				"Touch of Death"
			],
			"attack": 1,
			"health": 1,
			"bone_cost": 4,
			"rare": true
		},
		{
			"name": "The Walkers",
			"sigils": [
				"Bone King"
			],
			"attack": 2,
			"health": 2,
			"bone_cost": 4
		},
		{
			"name": "Frank & Stein",
			"attack": 1,
			"health": 4,
			"bone_cost": 5,
			"conduit": true
		},
		{
			"name": "Ghost Ship",
			"sigils": [
				"Waterborne",
				"Skeleton Crew (Yarr)"
			],
			"attack": 0,
			"health": 1,
			"bone_cost": 1
		},
		{
			"name": "Gravedigger",
			"sigils": [
				"Bone Digger"
			],
			"attack": 0,
			"health": 3,
			"bone_cost": 1
		},
		{
			"name": "Sporedigger",
			"sigils": [
				"Bone Digger",
				"Bone Digger"
			],
			"rare":true,
			"attack": 0,
			"health": 3,
			"bone_cost": 1,
			"banned": true
		},
		{
			"name": "Headless Horseman",
			"sigils": [
				"Airborne",
				"Sprinter"
			],
			"attack": 5,
			"health": 5,
			"bone_cost": 13,
			"rare": true
		},
		{
			"name": "Mummy Lord",
			"attack": 3,
			"health": 3,
			"bone_cost": 8
		},
		{
			"name": "Necromancer",
			"sigils": [
				"Double Death"
			],
			"attack": 1,
			"health": 2,
			"bone_cost": 3,
			"rare": true,
			"description": "This was the most annoying card to program."
		},
		{
			"name": "Revenant",
			"sigils": [
				"Brittle"
			],
			"attack": 3,
			"health": 1,
			"bone_cost": 3
		},
		{
			"name": "Sarcophagus",
			"sigils": [
				"Fledgling"
			],
			"attack": 0,
			"health": 3,
			"bone_cost": 4,
			"evolution": "Mummy Lord"
		},
		{
			"name": "Skeleton",
			"sigils": [
				"Brittle"
			],
			"attack": 1,
			"health": 1,
			"banned": true
		},
		{
			"name": "Skelemagus",
			"sigils": [
				"Brittle",
				"Gem Dependant"
			],
			"attack": 4,
			"health": 1,
			"energy_cost": 4,
			"description": "Note: Was given energy cost due to being too spammable and easy to draw into with Blue Mage."
		},
		{
			"name": "Tomb Robber",
			"sigils": [
				"Disentomb (Corpses)"
			],
			"attack": 0,
			"health": 2,
			"rare": true,
			"active": true,
			"description": "Note: Withered corpses have the Boneless sigil and will not drop bones.This change was made to prevent multiple infinite combos involving Tomb Robber."
		},
		{
			"name": "Zombie",
			"attack": 1,
			"health": 1,
			"bone_cost": 2,
			"sigils": [
				"Stinky"
			],
			"description": "This card was given the stinky sigil to differentiate it from Opossom. Suggested by FishGuy101."
		},
		{
			"name": "Floating Eye",
			"attack": 1,
			"health": 3,
			"bone_cost": 4,
			"sigils": [
				"Airborne",
				"Sentry"
			],
			"description": "Custom card by SYNTHIA_2000"
		},
		{
			"name": "Gargoyle",
			"attack": 1,
			"health": 4,
			"bone_cost": 5,
			"sigils": [
				"Airborne",
				"Made of Stone"
			],
			"description": "Custom card by syntaxevasion.\nLong overdue.",
			"nosac": true
		},
		{
			"name": "Skeleton Crew",
			"attack": 2,
			"health": 1,
			"sigils": [
				"Brittle"
			],
			"bone_cost": 2
		},
		{
			"name": "Zombie Parrot",
			"attack": 2,
			"health": 3,
			"bone_cost": 3,
			"sigils": [
				"Brittle",
				"Airborne"
			]
		},
		{
			"name": "Gourmage",
			"sigils": [
				"Enlarge"
			],
			"attack": 0,
			"health": 2,
			"mox_cost": [
				"Green"
			],
			"active": true
		},
		{
			"name": "Blue Mage",
			"sigils": [
				"Mental Gemnastics"
			],
			"attack": 0,
			"health": 1,
			"mox_cost": [
				"Blue"
			],
			"rare": true
		},
		{
			"name": "Blue Sporemage",
			"sigils": [
				"Mental Gemnastics",
				"Mental Gemnastics"
			],
			"attack": 0,
			"health": 1,
			"mox_cost": [
				"Blue"
			],
			"banned": true
		},
		{
			"name": "Hover Mage",
			"sigils": [
				"Airborne"
			],
			"attack": 1,
			"health": 2,
			"mox_cost": [
				"Blue"
			]
		},
		{
			"name": "Force Mage",
			"sigils": [
				"Repulsive"
			],
			"attack": 0,
			"health": 1,
			"mox_cost": [
				"Blue"
			],
			"description": "Dies to removal."
		},
		{
			"name": "Gem Detonator",
			"sigils": [
				"Gem Detonator (5)"
			],
			"attack": 1,
			"health": 2,
			"energy_cost": 3
		},
		{
			"name": "Gem Fiend",
			"sigils": [
				"Gem Dependant"
			],
			"attack": 2,
			"health": 1,
			"mox_cost": [
				"Blue"
			]
		},
		{
			"name": "Gem Guardian",
			"sigils": [
				"Gem Guardian"
			],
			"attack": 1,
			"health": 2,
			"energy_cost": 3
		},
		{
			"name": "Green Mage",
			"attack": 0,
			"health": 2,
			"mox_cost": [
				"Green"
			],
			"atkspecial": "mox",
			"description": "This card's attack is equal to the number of \"Mox\" cards you possess."
		},
		{
			"name": "Junior Sage",
			"attack": 1,
			"health": 3,
			"mox_cost": [
				"Green"
			]
		},
		{
			"name": "Mage Knight",
			"sigils": [
				"Gem Dependant"
			],
			"attack": 1,
			"health": 3,
			"mox_cost": [
				"Orange"
			]
		},
		{
			"name": "Master Bleene",
			"sigils": [
				"True Scholar"
			],
			"attack": 0,
			"health": 4,
			"mox_cost": [
				"Green",
				"Blue"
			],
			"rare": true,
			"active": true
		},
		{
			"name": "Master Goranj",
			"sigils": [
				"Gem Dependant",
				"Bifurcated Strike"
			],
			"attack": 2,
			"health": 4,
			"mox_cost": [
				"Green",
				"Orange"
			],
			"rare": true,
			"description": "Note: This card was given Bifurcated Strike due to being considerably weaker than the other masters, and to give it the ability to defend adjacent gems (potentially). Suggested by FishGuy101."
		},
		{
			"name": "Master Orlu",
			"sigils": [
				"Airborne",
				"Looter"
			],
			"attack": 1,
			"health": 3,
			"mox_cost": [
				"Orange",
				"Blue"
			],
			"rare": true,
			"description": "Note: Attack was increased to make it an acceptable rare card and to demonstrate its sigil effect more clearly."
		},
		{
			"name": "Bleene's Mox",
			"sigils": [
				"Blue Mox",
				"Green Mox"
			],
			"attack": 0,
			"health": 2,
			"rare": true,
			"nosac": true
		},
		{
			"name": "Goranj's Mox",
			"sigils": [
				"Green Mox",
				"Orange Mox"
			],
			"attack": 0,
			"health": 2,
			"rare": true,
			"nosac": true
		},
		{
			"name": "Orlu's Mox",
			"sigils": [
				"Orange Mox",
				"Blue Mox"
			],
			"attack": 0,
			"health": 2,
			"rare": true,
			"nosac": true
		},
		{
			"name": "Emerald Mox",
			"sigils": [
				"Green Mox"
			],
			"attack": 0,
			"health": 1,
			"nosac": true,
			"banned": true
		},
		{
			"name": "Ruby Mox",
			"sigils": [
				"Orange Mox"
			],
			"attack": 0,
			"health": 1,
			"nosac": true,
			"banned": true
		},
		{
			"name": "Sapphire Mox",
			"sigils": [
				"Blue Mox"
			],
			"attack": 0,
			"health": 1,
			"nosac": true,
			"banned": true
		},
		{
			"name": "Magnus Mox",
			"sigils": [
				"Great Mox"
			],
			"attack": 0,
			"health": 2,
			"nosac": true,
			"banned": true,
			"rare": true
		},
		{
			"name": "Muscle Mage",
			"sigils": [
				"Hefty"
			],
			"attack": 1,
			"health": 2,
			"mox_cost": [
				"Green"
			]
		},
		{
			"name": "Orange Mage",
			"sigils": [
				"Gem Animator"
			],
			"attack": 0,
			"health": 1,
			"mox_cost": [
				"Orange"
			]
		},
		{
			"name": "Practice Wizard",
			"attack": 0,
			"health": 3,
			"sigils": [
				"Made of Stone"
			],
			"mox_cost": [
				"Orange"
			]
		},
		{
			"name": "Mage Pupil",
			"sigils": [
				"Gem Dependant"
			],
			"attack": 1,
			"health": 1
		},
		{
			"name": "Ruby Golem",
			"sigils": [
				"Ruby Heart"
			],
			"attack": 1,
			"health": 1,
			"mox_cost": [
				"Orange"
			],
			"nosac": true
		},
		{
			"name": "Stim Mage",
			"sigils": [
				"Stimulate (4)"
			],
			"attack": 0,
			"health": 2,
			"mox_cost": [
				"Green"
			],
			"active": true
		},
		{
			"name": "Mox Tower",
			"sigils": [
				"Sentry",
				"Orange Mox"
			],
			"attack": 0,
			"health": 2,
			"mox_cost": [
				"Orange"
			],
			"description": "Custom card by FishGuy101"
		},
		{
			"name": "Mox Bunker",
			"sigils": [
				"Blue Mox"
			],
			"attack": 0,
			"health": 3,
			"mox_cost": [
				"Blue"
			],
			"description": "Custom Card by BishopAdams"
		},
		{
			"name": "Mox Encampment",
			"sigils": [
				"Stinky",
				"Green Mox"
			],
			"attack": 0,
			"health": 2,
			"mox_cost": [
				"Green"
			],
			"description": "Custom Card by BishopAdams"
		},
		{
			"name": "Thief Mage",
			"attack": 1,
			"health": 1,
			"sigils": [
				"Side Hustle"
			],
			"mox_cost": [
				"Blue",
				"Orange"
			],
			"description": "Custom card by FishGuy101\nServed his sentence"
		},
		{
			"name": "Life Mage",
			"attack": 0,
			"health": 2,
			"sigils": [
				"Unkillable"
			],
			"mox_cost": [
				"Blue"
			],
			"bone_cost": 3,
			"description": "Custom card by FishGuy101"
		},
		{
			"name": "Dragon Egg",
			"attack": 0,
			"health": 2,
			"sigils": [
				"Fledgling",
				"Gem Dependant"
			],
			"mox_cost": [
				"Orange"
			],
            "evolution": "Ruby Dragon",
			"description": "Custom card by FishGuy101.\nUpdated art by syntaxevasion"
		},
		{
			"name": "Ruby Dragon",
			"attack": 2,
			"health": 2,
			"sigils": [
				"Bifurcated Strike",
				"Gem Dependant"
			],
			"mox_cost": [
				"Orange"
			],
			"banned": true
		},
		{
			"name": "Shower Mage",
			"mox_cost": [
				"Green"
			],
			"sigils": [
				"Stinky"
			],
			"attack": 1,
			"health": 1,
			"description": "Custom card by FishGuy101"
		},
		{
			"name": "Holo Mox",
			"mox_cost": [
				"Orange"
			],
			"sigils": [
				"Armored"
			],
			"energy_cost": 2,
			"attack": 0,
			"health": 1,
			"description": "Custom card by FishGuy101"
		},
		{
			"name": "Horse Mage",
			"mox_cost": [
				"Orange"
			],
            "blood_cost": 1,
			"sigils": [
				"Sprinter"
			],
			"attack": 2,
			"health": 2,
			"description": "Custom card by ener"
		},
		{
			"name": "Winged Guardian",
			"mox_cost": [
				"Orange",
				"Blue"
			],
			"attack": 1,
			"health": 3,
			"sigils": [
				"Airborne",
				"Mighty Leap"
			],
			"description": "Custom card by Flare"
		},
		{
			"name": "Swift Sage",
			"mox_cost": [
				"Green",
				"Blue"
			],
			"attack": 1,
			"health": 2,
			"sigils": [
				"Sharp Quills",
				"Sprinter"
			],
			"description": "Custom card by Flare"
		},
		{
			"name": "Dark Knight",
			"mox_cost": [
				"Orange",
				"Green"
			],
			"attack": 1,
			"health": 4,
			"sigils": [
				"Blood Lust"
			],
			"description": "Custom card by Flare"
		},
		{
			"name": "Animox",
			"blood_cost": 1,
			"attack": 1,
			"health": 2,
			"sigils": [
				"Blue Mox",
				"Sprinter"
			],
			"banned":true,
			"description": "Custom card by SYNTHIA_2000"
		},
		{
			"name": "Withered Corpse",
			"sigils": [
				"Brittle",
				"Boneless"
			],
			"attack": 1,
			"health": 1,
			"banned": true
		},
		{
			"name": "Empty Vessel",
			"attack": 0,
			"health": 3,
			"energy_cost": 1,
			"nosac": true,
			"banned": true
		},
		{
			"name": "Leaping Vessel",
			"sigils": [
				"Mighty Leap"
			],
			"attack": 0,
			"health": 2,
			"energy_cost": 2,
			"nosac": true,
			"banned": true
		},
		{
			"name": "Energized Vessel",
			"sigils": [
				"Battery Bearer"
			],
			"attack": 0,
			"health": 2,
			"energy_cost": 2,
			"nosac": true,
			"banned": true
		},
		{
			"name": "Overloaded Vessel",
			"sigils": [
				"Relight"
			],
			"attack": 0,
			"health": 2,
			"energy_cost": 2,
			"nosac": true,
			"banned": true
		},
		{
			"name": "Bloody Vessel",
			"sigils": [
				"Noble Sacrifice"
			],
			"attack": 0,
			"health": 2,
			"energy_cost": 3,
			"banned": true,
			"description": "Note: Energy cost increased due to opponent not having enough time to build a board before bloody vessel is usable."
		},
		{
			"name": "Splintered Vessel",
			"sigils": [
				"Sharp Quills"
			],
			"attack": 0,
			"health": 2,
			"energy_cost": 2,
			"nosac": true,
			"banned": true
		},
		{
			"name": "Conductive Vessel",
			"attack": 0,
			"health": 2,
			"energy_cost": 1,
			"nosac": true,
			"conduit": true,
			"banned": true
		},
		{
			"name": "Contaminated Vessel",
			"sigils": [
				"Stinky"
			],
			"attack": 0,
			"health": 2,
			"energy_cost": 2,
			"nosac": true,
			"banned": true
		},
		{
			"name": "Geck",
			"attack": 1,
			"health": 1,
			"rare": true,
			"banned": true,
			"description": "Ported from Act 1. Act 2 sprite from Kaycee's Mod."
		},
		{
			"name": "Acid Squirrel",
			"attack": 0,
			"health": 1,
			"sigils": [
				"Reconstitute"
			],
			"banned": true,
			"description": "Card art by Sebas534.\nThe most broken card, hopefully no longer."
		},
		{
			"name": "Shambling Cairn",
			"attack": 0,
			"health": 1,
			"bone_cost": -1,
			"sigils": [
				"Sprinter"
			],
			"nosac": true,
			"banned": true,
			"description": "Custom card by Garf, zpan0317, and Me!"
		},
		{
			"name": "Moon Shard",
			"sigils": [
				"Mighty Leap",
				"Made of Stone"
			],
			"attack": 0,
			"health": 5,
			"energy_cost": 6,
			"nosac": false,
			"description": "Emits a pale white light. You feel as though it calls to its brethren.",
			"banned": true
		},
		{
			"name": "The Moon",
			"attack": 1,
			"health": 40,
			"banned": true
		}
	],
	"sigils": {
		"Relight": "When a card bearing this sigil is played, the owner gains 1 Heat.",
		"Kindling":"When a card bearing this sigil is burned, the owner gains 2 Heat instead of 1.",
		"Airborne": "A card bearing this sigil will strike an opponent directly, even if there is a creature opposing it.",
		"Ant Spawner": "When a card bearing this sigil is played, an ant is created in your hand.",
		"Armored": "The first time a card bearing this sigil would take damage, prevent that damage.",
		"Attack Conduit": "Other creatures within a circuit completed by a card bearing this sigil gain 1 power.",
		"Backup": "When a card bearing this sigil is played, a Copy of the card is created on each empty adjacent space.",
		"Battery Bearer": "When a card bearing this sigil is played, it provides an energy cell to its owner.",
		"Bees Within": "Once a card bearing this sigil is struck, a Bee is created in your hand.",
		"Bellist": "When a card bearing this sigil is played, a Chime is created on each empty adjacent space. A card bearing this sigil will perform a retaliatory attack against any card striking a Chime.",
		"Bifurcated Strike": "A card bearing this sigil will strike each opposing space to the left and right of the space across from it.",
		"Blood Lust": "When a card bearing this Sigil attacks an opposing creature and it perishes, this card gains 1 power.",
		"Blue Mox": "While a card bearing this sigil is on the board, it provides a blue gem to its owner.",
		"Bomb Spewer": "When a card bearing this sigil is played, fill all empty spaces with explode bots.",
		"Bone Digger": "At the end of the owner's turn, a card bearing this sigil will generate 1 bone.",
		"Bone King": "When a card bearing this sigil dies, 4 bones are awarded instead of 1.",
		"Bonehorn": "Pay 1 energy to gain 3 bones.",
		"Bonehorn (1)": "Pay 1 energy to gain 1 bone.",
		"Boneless": "When a card bearing this sigil dies, no bones are awarded.",
		"Brittle": "After attacking, a card bearing this sigil perishes.",
		"Burrower": "When an empty space would be struck, a card bearing this sigil will move to that space to receive the strike instead.",
		"Corpse Eater": "If a creature that you own perishes by combat, a card bearing this sigil in your hand is automatically played in its place.",
		"Dam Builder": "When a card bearing this sigil is played, a Dam is created on each empty adjacent space.",
		"Depleting": "When a card bearing this sigil is played, 2 energy cells are removed from its owner",
		"Detonator": "When a card bearing this sigil dies, the creature opposing it, as well as adjacent friendly creatures, are dealt 10 damage.",
		"Detonator (5)": "When a card bearing this sigil dies, the creature opposing it, as well as adjacent friendly creatures, are dealt 5 damage.",
		"Disentomb": "Pay 1 bone to create a skeleton in your hand.",
		"Disentomb (Corpses)": "Pay 2 bones to create a withered corpse in your hand.",
		"Double Death": "When another creature you own dies, it is returned to life and dies again immediately.",
		"Double Strike": "A card bearing this Sigil will strike the opposing space an extra time when attacking.",
		"Energy Conduit": "If a card bearing this sigil is part of a completed circuit, your energy never depletes.",
		"Energy Conduit (+3)": "If a card bearing this sigil is part of a completed circuit, your maximum energy increases by 3.",
		"Energy Gun": "Pay 1 energy to deal 1 damage to the creature across from a card bearing this sigil.",
		"Enlarge": "Pay 2 bones to increase the power and health of a card bearing this sigil by 1.",
		"Enlarge (3)": "Pay 3 bones to increase the power and health of a card bearing this sigil by 1.",
		"Fecundity": "When a card bearing this sigil is played, a copy of it is created in your hand.",
		"Fecundity (Kaycee)": "When a card bearing this sigil is played, a copy of it is created in your hand without this sigil.",
		"Fledgling": "A card bearing this sigil will grow into a more powerful form after 1 turn on the board.",
		"Frozen Away": "When a card bearing this sigil perishes, the creature inside is released in its place.",
		"Gem Animator": "Mox cards on the owner's side of the board gain 1 power.",
		"Gem Dependant": "If a card bearing this sigil's owner controls no mox cards, a card bearing this sigil perishes.",
		"Gem Detonator (5)": "When Mox cards on the owner's side of the board die, they Detonate (the creature opposing them, as well as adjacent friendly creatures, are dealt 5 damage).",
		"Gem Guardian": "When a card bearing this sigil is played, all Moxa cards on the owners' side of the board gain Nano Armor.",
		"Great Mox": "While a card bearing this sigil is on the board, it provides a green, orange, and blue gem to its owner.",
		"Green Mox": "While a card bearing this sigil is on the board, it provides a green gem to its owner.",
		"Guardian": "When an opposing creature is placed opposite to an empty space, a card bearing this sigil will move to that empty space.",
		"Handy": "When a card bearing this sigil is played, burn your hand then draw a new hand of 4 cards.",
		"Hefty": "At the end of the owner's turn, a card bearing this sigil will move in the direction inscribed in the sigil. creatures in the way will be pushed in the same direction.",
		"Hoarder": "When a card bearing this sigil is played, you may search your deck for any card and take it into your hand.",
		"Leader": "Creatures adjacent to a card bearing this sigil gain 1 Power.",
		"Looter": "When a card bearing this sigil deals damage directly, draw a card for each damage dealt.",
		"Made of Stone": "A card bearing this sigil is immune to the effects of touch of death and stinky.",
		"Many Lives": "When a card bearing this sigil is sacrificed it does not perish.",
		"Marrow Sucker": "Pay 2 bones to heal a card bearing this sigil.",
		"Mental Gemnastics": "When a card bearing this sigil is played, you draw cards equal to the amount of mox cards on your side of the board.",
		"Mighty Leap": "A card bearing this sigil will block an opposing creature bearing the airborne sigil.",
		"Music Player": "A card bearing this sigil plays a song of your choice when played",
		"Orange Mox": "While a card bearing this sigil is on the board, it provides an orange gem to its owner.",
		"Omni Strike": "A card bearing this sigil will strike all opposing spaces.",
		"Power Dice": "Pay 1 energy to set the power of a card bearing this sigil randomly between 1 and 6.",
		"Power Dice (2)": "Pay 2 energy to set the power of a card bearing this sigil randomly between 1 and 6.",
		"Rabbit Hole": "When a card bearing this sigil is played, a Rabbit is created in your hand.",
		"Reconstitute": "A card bearing this sigil returns to your hand 2 turns after it persihes.",
		"Repulsive": "If a creature would attack a card bearing this sigil, it does not.",
		"Ruby Heart": "When a card bearing this sigil perishes, a ruby mox is created in its place.",
		"Noble Sacrifice": "A card bearing this sigil is counted as 2 blood rather than 1 blood when sacrificed.",
		"Scopophobic": "A card bearing this sigil gains 1 power when not facing an enemy creature.",
		"Sentry": "When a creature moves into the space opposing a card bearing this sigil, they are dealt 1 damage.",
		"Sharp Quills": "Once a card bearing this sigil is struck, the striker is then dealt a single damage point.",
		"Side Hustle": "When a card bearing this sigil deals damage directly, draw a card from your side deck for each damage dealt.",
		"Skeleton Crew": "At the end of the owner's turn, a card bearing this sigil will move in the direction inscribed in the sigil and drop a skeleton in its old space.",
		"Skeleton Crew (Yarr)": "At the end of the owner's turn, a card bearing this sigil will move in the direction inscribed in the sigil and drop a pirate skeleton in its old space.",
		"Spawn Conduit": "Empty spaces within a circuit completed by a card bearing this sigil spawn L33pB0ts at the end of the owner's turn.",
		"Sprinter": "At the end of the owner's turn, a card bearing this sigil will move in the direction inscribed in the sigil.",
		"Squirrel Shedder": "At the end of the owner's turn, a card bearing this sigil will move in the direction inscribed in the sigil and drop a squirrel in their old space.",
		"Stinky": "The creature opposing a card bearing this sigil loses 1 Power.",
		"Stimulate": "Pay 3 energy to increase the power and health of a card bearing this sigil by 1.",
		"Stimulate (4)": "Pay 4 energy to increase the power and health of a card bearing this sigil by 1.",
		"Tentacle": "Includes effect of Waterborne. In addition, a card bearing this sigil will transform into a random tentacle at the start of each turn.",
		"Thick": "A card bearing this sigil is juicy, and takes up 2 spaces.",
		"Touch of Death": "When a card bearing this sigil damages another creature, that creature perishes.",
		"Transformer": "At the beginning of your turn a card bearing this sigil will transform to, or from, Beast mode.",
		"Trifurcated Strike": "A card bearing this sigil will strike each opposing space to the left, right, and center of it.",
		"True Scholar": "If you have a blue gem, sacrifice a card bearing this sigil to draw 3 cards.",
		"Unkillable": "When a card bearing this sigil perishes, a copy of it is created in your hand.",
		"Vessel Printer": "Once a card bearing this sigil is struck, draw a card from your side deck.",
		"Waterborne": "A card bearing this sigil submerges itself during its opponent's turn. while submerged, opposing creatures attack its owner directly.",
		"Worthy Sacrifice": "A card bearing this sigil is counted as 3 blood rather than 1 blood when sacrificed."
	},
	"working_sigils": [
		"Relight",
		"Kindling",
		"Airborne",
		"Mighty Leap",
		"Fecundity (Kaycee)",
		"Fecundity",
		"Unkillable",
		"Blue Mox",
		"Green Mox",
		"Orange Mox",
		"Great Mox",
		"Rabbit Hole",
		"Touch of Death",
		"Many Lives",
		"Trifurcated Strike",
		"Battery Bearer",
		"Repulsive",
		"Brittle",
		"Worthy Sacrifice",
		"Gem Dependant",
		"Bone King",
		"Bifurcated Strike",
		"Handy",
		"Fledgling",
		"Sprinter",
		"Squirrel Shedder",
		"Skeleton Crew",
		"Bone Digger",
		"Waterborne",
		"Ruby Heart",
		"Frozen Away",
		"Mental Gemnastics",
		"Looter",
		"Gem Animator",
		"Hefty",
		"Guardian",
		"Sharp Quills",
		"Sentry",
		"Burrower",
		"Hoarder",
		"Detonator",
		"Detonator (5)",
		"Bomb Spewer",
		"Double Death",
		"Enlarge",
		"Disentomb",
		"Disentomb (Corpses)",
		"Power Dice",
		"Power Dice (2)",
		"Stimulate",
		"Stimulate (4)",
		"Energy Gun",
		"True Scholar",
		"Bonehorn",
		"Bonehorn (1)",
		"Boneless",
		"Attack Conduit",
		"Spawn Conduit",
		"Energy Conduit",
		"Energy Conduit (+3)",
		"Tentacle",
		"Stinky",
		"Reconstitute",
		"Noble Sacrifice",
		"Made of Stone",
		"Side Hustle",
		"Armored",
		"Leader",
		"Ant Spawner",
		"Double Strike",
		"Blood Lust",
		"Music Player",
		"Transformer",
		"Vessel Printer",
		"Bees Within",
		"Dam Builder",
		"Corpse Eater",
		"Gem Guardian",
		"Gem Detonator (5)",
		"Depleting",
		"Bellist",
		"Omni Strike",
		"Enlarge (3)",
		"Skeleton Crew (Yarr)",
		"Thick"
	],
	"side_decks": {
		"10 Squirrels": {
			"type": "single",
			"card": "Squirrel",
			"count": 10
		},
		"10 Skeletons": {
			"type": "single",
			"card": "Skeleton",
			"count": 10
		},
		"Vessels": {
			"type": "single_cat",
			"cards": {
				"12 Empty": {
					"card": "Empty Vessel",
					"count": 12
				},
				"10 Leaping": {
					"card": "Leaping Vessel",
					"count": 10
				},
				"10 Energized": {
					"card": "Energized Vessel",
					"count": 10
				},
				"10 Overloaded": {
					"card":"Overloaded Vessel",
					"count": 10
				},
				"10 Bloody": {
					"card": "Bloody Vessel",
					"count": 10
				},
				"10 Splintered": {
					"card": "Splintered Vessel",
					"count": 10
				},
				"10 Conductive": {
					"card": "Conductive Vessel",
					"count": 10
				},
				"10 Contaminated": {
					"card": "Contaminated Vessel",
					"count": 10
				}
			}
		},
		"Mox (draft)": {
			"type": "draft",
			"cards": [
				"Ruby Mox",
				"Emerald Mox",
				"Sapphire Mox"
			],
			"count": 10
		},
		"3 Gecks": {
			"type": "single",
			"card": "Geck",
			"count": 3
		},
		"8 Coal Golems": {
			"type": "single",
			"card": "Coal Golem",
			"count": 8
		},
		"The Acid Squirrel": {
			"type": "single",
			"card": "Acid Squirrel",
			"count": 1
		},
		"10 Shambling Cairns": {
			"type": "single",
			"card": "Shambling Cairn",
			"count": 10
		},
		"10 Moon Shards": {
			"type": "single",
			"card": "Moon Shard",
			"count": 10
		}
	},
	"snuff_cards": {
		"The Smoke":{},
		"The Depths":{},
		"The Light":{},
		"The Gift":{}
	}
}
